Page, Action, Details, Date, Status
academic/photography-and-editing/week-1/day-1/index.html, Global Identity Sync, Fully remediated to Navy Blue Dark Theme & Global Nav/Footer, 2026-04-01 09:15 WAT, Completed
academic/photography-and-editing/week-1/day-3/index.html, Global Identity Sync, Fully remediated to Navy Blue Dark Theme & Global Nav/Footer, 2026-04-01 09:15 WAT, Completed
academic/photography-and-editing/week-1/day-5/index.html, Global Identity Sync, Fully remediated to Navy Blue Dark Theme & Global Nav/Footer, 2026-04-01 09:15 WAT, Completed
academic/photography-and-editing/week-2/day-1/index.html, Global Identity Sync, Fully remediated to Navy Blue Dark Theme & Global Nav/Footer, 2026-04-01 09:15 WAT, Completed
academic/photography-and-editing/week-2/day-3/index.html, Global Identity Sync, Fully remediated to Navy Blue Dark Theme & Global Nav/Footer, 2026-04-01 09:15 WAT, Completed
academic/photography-and-editing/week-2/day-5/index.html, Global Identity Sync, Fully remediated to Navy Blue Dark Theme & Global Nav/Footer, 2026-04-01 09:15 WAT, Completed
academic/photography-and-editing/week-3/day-1/index.html, Global Identity Sync, Fully remediated to Navy Blue Dark Theme & Global Nav/Footer, 2026-04-01 09:15 WAT, Completed
academic/photography-and-editing/week-3/day-3/index.html, Global Identity Sync, Fully remediated to Navy Blue Dark Theme & Global Nav/Footer, 2026-04-01 09:15 WAT, Completed
academic/photography-and-editing/week-3/day-5/index.html, Global Identity Sync, Fully remediated to Navy Blue Dark Theme & Global Nav/Footer, 2026-04-01 09:15 WAT, Completed
academic/photography-and-editing/certification/index.html, Global Identity Sync, Fully remediated to Navy Blue Dark Theme & Global Nav/Footer, 2026-04-01 09:15 WAT, Completed